rank,title,rating_num,year,director,quote,star
1,肖申克的救赎,9.7,1994,弗兰克·德拉邦特 Frank Darabont,希望让人自由。,2304569
2,霸王别姬,9.6,1993,陈凯歌 Kaige Chen,风华绝代。,1709820
3,阿甘正传,9.5,1994,罗伯特·泽米吉斯 Robert Zemeckis,一部美国近现代史。,1733112
4,这个杀手不太冷,9.4,1994,吕克·贝松 Luc Besson,怪蜀黍和小萝莉不得不说的故事。,1913405
5,泰坦尼克号,9.4,1997,詹姆斯·卡梅隆 James Cameron,失去的才是永恒的。,1695453
6,美丽人生,9.5,1997,罗伯托·贝尼尼 Roberto Benigni,最美的谎言。,1069302
7,千与千寻,9.4,2001,宫崎骏 Hayao Miyazaki,最好的宫崎骏，最好的久石让。,1812383
8,辛德勒的名单,9.5,1993,史蒂文·斯皮尔伯格 Steven Spielberg,拯救一个人，就是拯救整个世界。,884785
9,盗梦空间,9.3,2010,克里斯托弗·诺兰 Christopher Nolan,诺兰给了我们一场无法盗取的梦。,1679309
10,忠犬八公的故事,9.4,2009,莱塞·霍尔斯道姆 Lasse Hallström,永远都不能忘记你所爱的人。,1151545
11,星际穿越,9.3,2014,克里斯托弗·诺兰 Christopher Nolan,爱是一种力量，让我们超越时空感知它的存在。,1351198
12,楚门的世界,9.3,1998,彼得·威尔 Peter Weir,如果再也不能见到你，祝你早安，午安，晚安。,1265158
13,海上钢琴师,9.3,1998,朱塞佩·托纳多雷 Giuseppe Tornatore,每个人都要走一条自己坚定了的路，就算是粉身碎骨。,1364757
14,三傻大闹宝莱坞,9.2,2009,拉库马·希拉尼 Rajkumar Hirani,英俊版憨豆，高情商版谢耳朵。,1532447
15,机器人总动员,9.3,2008,安德鲁·斯坦顿 Andrew Stanton,小瓦力，大人生。,1079237
16,放牛班的春天,9.3,2004,克里斯托夫·巴拉蒂 Christophe Barratier,天籁一般的童声，是最接近上帝的存在。,1062129
17,大话西游之大圣娶亲,9.2,1995,刘镇伟 Jeffrey Lau,一生所爱。,1237391
18,疯狂动物城,9.2,2016,拜伦·霍华德 Byron Howard / 瑞奇·摩尔 Rich Moore,迪士尼给我们营造的乌托邦就是这样，永远善良勇敢，永远出乎意料。,1494933
19,无间道,9.2,2002,刘伟强 / 麦兆辉,香港电影史上永不过时的杰作。,1024181
20,熔炉,9.3,2011,黄东赫 Dong-hyuk Hwang,我们一路奋战不是为了改变世界，而是为了不让世界改变我们。,752237
21,教父,9.3,1972,弗朗西斯·福特·科波拉 Francis Ford Coppola,千万不要记恨你的对手，这样会让你失去理智。,752521
22,当幸福来敲门,9.1,2006,加布里尔·穆奇诺 Gabriele Muccino,平民励志片。,1231018
23,龙猫,9.2,1988,宫崎骏 Hayao Miyazaki,人人心中都有个龙猫，童年就永远不会消失。,1026901
24,怦然心动,9.1,2010,罗伯·莱纳 Rob Reiner,真正的幸福是来自内心深处。,1450961
25,控方证人,9.6,1957,比利·怀尔德 Billy Wilder,比利·怀德满分作品。,354545
26,触不可及,9.2,2011,奥利维·那卡什 Olivier Nakache / 艾力克·托兰达 Eric Toledano,满满温情的高雅喜剧。,799968
27,蝙蝠侠：黑暗骑士,9.2,2008,克里斯托弗·诺兰 Christopher Nolan,无尽的黑暗。,837536
28,末代皇帝,9.3,1987,贝纳尔多·贝托鲁奇 Bernardo Bertolucci,“不要跟我比惨，我比你更惨”再适合这部电影不过了。,638129
29,活着,9.3,1994,张艺谋 Yimou Zhang,张艺谋最好的电影。,650948
30,寻梦环游记,9.1,2017,李·昂克里奇 Lee Unkrich / 阿德里安·莫利纳 Adrian Molina,死亡不是真的逝去，遗忘才是永恒的消亡。,1270283
31,何以为家,9.1,2018,娜丁·拉巴基 Nadine Labaki,凝视卑弱生命，用电影改变命运。,802453
32,乱世佳人,9.3,1939,维克多·弗莱明 Victor Fleming / 乔治·库克 George Cukor,Tomorrow is another day.,553522
33,指环王3：王者无敌,9.2,2003,彼得·杰克逊 Peter Jackson,史诗的终章。,608488
34,哈利·波特与魔法石,9.1,2001,Chris Columbus,童话世界的开端。,850828
35,飞屋环游记,9.0,2009,彼特·道格特 Pete Docter / 鲍勃·彼德森 Bob Peterson,最后那些最无聊的事情，才是最值得怀念的。,1074159
36,摔跤吧！爸爸,9.0,2016,涅提·蒂瓦里 Nitesh Tiwari,你不是在为你一个人战斗，你要让千千万万的女性看到女生并不是只能相夫教子。,1268077
37,素媛,9.3,2013,李濬益 Jun-ik Lee,受过伤害的人总是笑得最开心，因为他们不愿意让身边的人承受一样的痛苦。,527292
38,少年派的奇幻漂流,9.1,2012,李安 Ang Lee,瑰丽壮观、无人能及的冒险之旅。,1126174
39,十二怒汉,9.4,1957,Sidney Lumet,1957年的理想主义。,370236
40,哈尔的移动城堡,9.1,2004,宫崎骏 Hayao Miyazaki,带着心爱的人在天空飞翔。,796567
41,鬼子来了,9.3,2000,姜文 Wen Jiang,对敌人的仁慈，就是对自己残忍。,495255
42,天空之城,9.1,1986,宫崎骏 Hayao Miyazaki,对天空的追逐，永不停止。,674545
43,大话西游之月光宝盒,9.0,1995,刘镇伟 Jeffrey Lau,旷古烁今。,984099
44,我不是药神,9.0,2018,文牧野 Muye Wen,对我们国家而言，这样的电影多一部是一部。,1687484
45,罗马假日,9.0,1953,威廉·惠勒 William Wyler,爱情哪怕只有一天。,781687
46,闻香识女人,9.1,1992,马丁·布莱斯 Martin Brest,史上最美的探戈。,684458
47,辩护人,9.2,2013,杨宇硕 Woo-seok Yang,电影的现实意义大过电影本身。,489216
48,天堂电影院,9.2,1988,朱塞佩·托纳多雷 Giuseppe Tornatore,那些吻戏，那些青春，都在影院的黑暗里被泪水冲刷得无比清晰。,514027
49,猫鼠游戏,9.0,2002,史蒂文·斯皮尔伯格 Steven Spielberg,骗子大师和执著警探的你追我跑故事。,703003
50,大闹天宫,9.4,1961(中国大陆),万籁鸣 Laiming Wan / 唐澄 Cheng  Tang,经典之作，历久弥新。,328505
51,搏击俱乐部,9.0,1999,大卫·芬奇 David Fincher,邪恶与平庸蛰伏于同一个母体，在特定的时间互相对峙。,690070
52,教父2,9.2,1974,弗朗西斯·福特·科波拉 Francis Ford Coppola,优雅的孤独。,421730
53,狮子王,9.0,1994,Roger Allers / 罗伯·明可夫 Rob Minkoff,动物版《哈姆雷特》。,660601
54,钢琴家,9.2,2002,罗曼·波兰斯基 Roman Polanski,音乐能化解仇恨。,439016
55,指环王2：双塔奇兵,9.1,2002,彼得·杰克逊 Peter Jackson,承前启后的史诗篇章。,555990
56,死亡诗社,9.1,1989,彼得·威尔 Peter Weir,当一个死水般的体制内出现一个活跃的变数时，所有的腐臭都站在了光明的对面。,556562
57,黑客帝国,9.0,1999,安迪·沃卓斯基 Andy Wachowski / 拉娜·沃卓斯基 Lana Wachowski,视觉革命。,640312
58,指环王1：魔戒再现,9.0,2001,彼得·杰克逊 Peter Jackson,传说的开始。,623451
59,饮食男女,9.1,1994,李安 Ang Lee,人生不能像做菜，把所有的料都准备好了才下锅。,469250
60,美丽心灵,9.0,2001,朗·霍华德 Ron Howard,爱是一切逻辑和原由。,608355
61,让子弹飞,8.9,2010,姜文 Wen Jiang,你给我翻译翻译，神马叫做TMD的惊喜。,1294845
62,窃听风暴,9.2,2006,"弗洛里安·亨克尔·冯·多纳斯马尔克 Florian Henckel von Donnersmarck",别样人生。,451783
63,绿皮书,8.9,2018,彼得·法雷里 Peter Farrelly,去除成见，需要勇气。,1245160
64,两杆大烟枪,9.1,1998,Guy Ritchie,4个臭皮匠顶个诸葛亮，盖·里奇果然不是盖的。,486380
65,本杰明·巴顿奇事,8.9,2008,大卫·芬奇 David Fincher,在时间之河里感受溺水之苦。,788815
66,海蒂和爷爷,9.2,2015,阿兰·葛斯彭纳 Alain Gsponer,如果生活中有什么使你感到快乐，那就去做吧！不要管别人说什么。,356482
67,飞越疯人院,9.1,1975,米洛斯·福尔曼 Miloš Forman,自由万岁。,465607
68,看不见的客人,8.8,2016,奥里奥尔·保罗 Oriol Paulo,你以为你以为的就是你以为的。,965038
69,西西里的美丽传说,8.9,2000,朱塞佩·托纳多雷 Giuseppe Tornatore,美丽无罪。,781719
70,拯救大兵瑞恩,9.0,1998,史蒂文·斯皮尔伯格 Steven Spielberg,美利坚精神输出大片No1.,517605
71,穿条纹睡衣的男孩,9.1,2008,马克·赫尔曼 Mark Herman,尽管有些不切实际的幻想，这部电影依旧是一部感人肺腑的佳作。,409724
72,小鞋子,9.2,1997,马基德·马基迪 Majid Majidi,奔跑的孩子是天使。,324202
73,音乐之声,9.1,1965,罗伯特·怀斯 Robert Wise,用音乐化解仇恨，让歌声串起美好。,479322
74,情书,8.9,1995,岩井俊二 Shunji Iwai,暗恋的极致。,722622
75,海豚湾,9.3,2009,路易·西霍尤斯 Louie Psihoyos,海豚的微笑，是世界上最高明的伪装。,305752
76,美国往事,9.2,1984,赛尔乔·莱翁内 Sergio Leone,往事如烟，无处祭奠。,332614
77,致命魔术,8.9,2006,克里斯托弗·诺兰 Christopher Nolan,孪生蝙蝠侠大战克隆金刚狼。,689426
78,沉默的羔羊,8.9,1991,乔纳森·戴米 Jonathan Demme,安东尼·霍普金斯的顶级表演。,682559
79,禁闭岛,8.8,2010,Martin Scorsese,昔日翩翩少年，今日大腹便便。,758416
80,低俗小说,8.9,1994,昆汀·塔伦蒂诺 Quentin Tarantino,故事的高级讲法。,665020
81,蝴蝶效应,8.8,2004,埃里克·布雷斯 Eric Bress / J·麦基·格鲁伯 J. Mackye Gruber,人的命运被自己瞬间的抉择改变。,746671
82,心灵捕手,8.9,1997,格斯·范·桑特 Gus Van Sant,人生中应该拥有这样的一段豁然开朗。,562062
83,七宗罪,8.8,1995,大卫·芬奇 David Fincher,警察抓小偷，老鼠玩死猫。,776708
84,布达佩斯大饭店,8.9,2014,韦斯·安德森 Wes Anderson,小清新的故事里注入了大历史的情怀。,710989
85,春光乍泄,8.9,1997,王家卫 Kar Wai Wong,爱情纠缠，男女一致。,499969
86,哈利·波特与死亡圣器(下),8.9,2011,大卫·叶茨 David Yates,10年的完美句点。,621443
87,摩登时代,9.3,1936,查理·卓别林 Charles Chaplin,大时代中的人生，小人物的悲喜。,230249
88,被嫌弃的松子的一生,8.9,2006,中岛哲也 Tetsuya Nakashima,以戏谑来戏谑戏谑。,589746
89,阿凡达,8.7,2009,詹姆斯·卡梅隆 James Cameron,绝对意义上的美轮美奂。,1056819
90,喜剧之王,8.8,1999,周星驰 Stephen Chow / 李力持 Lik-Chi Lee,我是一个演员。,767209
91,致命ID,8.8,2003,詹姆斯·曼高德 James Mangold,最不可能的那个人永远是最可能的。,639873
92,剪刀手爱德华,8.7,1990,蒂姆·波顿 Tim Burton,浪漫忧郁的成人童话。,881430
93,杀人回忆,8.9,2003,奉俊昊 Joon-ho Bong,关于连环杀人悬案的集体回忆。,541253
94,加勒比海盗,8.8,2003,戈尔·维宾斯基 Gore Verbinski,约翰尼·德普的独角戏。,700288
95,勇敢的心,8.9,1995,梅尔·吉布森 Mel Gibson,史诗大片的典范。,482248
96,狩猎,9.1,2012,托马斯·温特伯格 Thomas Vinterberg,人言可畏。,297231
97,请以你的名字呼唤我,8.9,2017,卢卡·瓜达尼诺 Luca Guadagnino,沉醉在电影的情感和视听氛围中无法自拔。,535927
98,天使爱美丽,8.7,2001,让-皮埃尔·热内 Jean-Pierre Jeunet,法式小清新。,834627
99,断背山,8.8,2005,李安 Ang Lee,每个人心中都有一座断背山。,586671
100,红辣椒,9.0,2006,今敏 Satoshi Kon,梦的勾结。,336241
101,7号房的礼物,8.9,2013,李焕庆 Hwan-kyeong Lee,《我是山姆》的《美丽人生》。,432626
102,幽灵公主,8.9,1997,宫崎骏 Hayao Miyazaki,人与自然的战争史诗。,433047
103,小森林 夏秋篇,9.0,2014,森淳一 Junichi Mori,那些静得只能听见呼吸的日子里，你明白孤独即生活。,339566
104,第六感,8.9,1999,M·奈特·沙马兰 M. Night Shyamalan,深入内心的恐怖，出人意料的结局。,440105
105,阳光灿烂的日子,8.8,1994,姜文 Wen Jiang,一场华丽的意淫。,498433
106,重庆森林,8.8,1994,王家卫 Kar Wai Wong,寂寞没有期限。,635330
107,唐伯虎点秋香,8.7,1993,李力持 Lik-Chi Lee,华太师是黄霑，吴镇宇四大才子之一。,840005
108,超脱,8.9,2011,托尼·凯耶 Tony Kaye,穷尽一生，我们要学会的，不过是彼此拥抱。,388366
109,爱在黎明破晓前,8.8,1995,理查德·林克莱特 Richard Linklater,缘分是个连绵词，最美不过一瞬。,494284
110,小森林 冬春篇,9.0,2015,森淳一 Junichi Mori,尊敬他人，尊敬你生活的这片土地，明白孤独是人生的常态。,304844
111,入殓师,8.9,2008,泷田洋二郎 Yôjirô Takita,死可能是一道门，逝去并不是终结，而是超越，走向下一程。,475890
112,一一,9.1,2000,杨德昌 Edward Yang,我们都曾经是一一。,284795
113,消失的爱人,8.7,2014,大卫·芬奇 David Fincher,年度最佳date movie。,721146
114,功夫,8.7,2004,周星驰 Stephen Chow,警恶惩奸，维护世界和平这个任务就交给你了，好吗？,808697
115,蝙蝠侠：黑暗骑士崛起,8.8,2012,克里斯托弗·诺兰 Christopher Nolan,诺兰就是保证。,574146
116,菊次郎的夏天,8.8,1999,北野武 Takeshi Kitano,从没见过那么流氓的温柔，从没见过那么温柔的流氓。,454213
117,侧耳倾听,8.9,1995,近藤喜文 Yoshifumi Kondo,少女情怀总是诗。,369586
118,人生果实,9.5,2017,伏原健之 Kenshi Fushihara,土壤没有落叶不会肥沃，没有了你就不算人生。,129994
119,倩女幽魂,8.7,1987,程小东 Siu-Tung Ching,两张绝世的脸。,588002
120,无人知晓,9.1,2004,是枝裕和 Hirokazu Koreeda,我的平常生活就是他人的幸福。,231492
121,超能陆战队,8.7,2014,唐·霍尔 Don Hall / 克里斯·威廉姆斯 Chris Williams,Balalala~~~,804895
122,甜蜜蜜,8.9,1996,陈可辛 Peter Chan,相逢只要一瞬间，等待却像是一辈子。,418071
123,借东西的小人阿莉埃蒂,8.8,2010,米林宏昌 Hiromasa Yonebayashi,曾经的那段美好会沉淀为一辈子的记忆。,437408
124,萤火之森,8.9,2011,大森贵弘 Takahiro Omori,触不到的恋人。,410154
125,爱在日落黄昏时,8.8,2004,理查德·林克莱特 Richard Linklater,九年后的重逢是世俗和责任的交叠，没了悸动和青涩，沧桑而温暖。,412978
126,完美的世界,9.1,1993,克林特·伊斯特伍德 Clint Eastwood,坏人的好总是比好人的好来得更感人。,221701
127,哈利·波特与阿兹卡班的囚徒,8.8,2004,Alfonso Cuarón,不一样的导演，不一样的哈利·波特。,492396
128,玛丽和马克思,8.9,2009,亚当·艾略特 Adam Elliot,你是我最好的朋友，你是我唯一的朋友 。,360381
129,驯龙高手,8.7,2010,迪恩·德布洛斯 Dean DeBlois / 克里斯·桑德斯 Chris Sanders,和谐的生活离不开摸头与被摸头。,613729
130,幸福终点站,8.8,2004,史蒂文·斯皮尔伯格 Steven Spielberg,有时候幸福需要等一等。,437988
131,告白,8.7,2010,中岛哲也 Tetsuya Nakashima,没有一人完全善，也没有一人完全恶。,575029
132,大鱼,8.8,2003,蒂姆·波顿 Tim Burton,抱着梦想而活着的人是幸福的，怀抱梦想而死去的人是不朽的。,463663
133,阳光姐妹淘,8.8,2011,姜炯哲 Hyeong-Cheol Kang,再多各自牛逼的时光，也比不上一起傻逼的岁月。,498574
134,射雕英雄传之东成西就,8.7,1993,刘镇伟 Jeffrey Lau,百看不厌。,521079
135,天书奇谭,9.2,1983(中国大陆),王树忱 Shuchen Wang / 钱运达 Yunda Qian,传奇的年代，醉人的童话。,183306
136,恐怖直播,8.8,2013,金秉祐 Byeong-woo Kim,恐怖分子的“秋菊打官司”。,518915
137,怪兽电力公司,8.7,2001,彼特·道格特 Pete Docter / 大卫·斯沃曼 David Silverman,不要给它起名字，起了名字就有感情了。,525383
138,神偷奶爸,8.6,2010,皮艾尔·柯芬 Pierre Coffin / 克里斯·雷纳德 Chris Renaud,Mr. I Don't Care其实也有Care的时候。,781833
139,哈利·波特与密室,8.7,2002,Chris Columbus,魔法的密室之门已打开...,516231
140,玩具总动员3,8.9,2010,李·昂克里奇 Lee Unkrich,跨度十五年的欢乐与泪水。,405604
141,傲慢与偏见,8.6,2005,乔·怀特 Joe Wright,爱是摈弃傲慢与偏见之后的曙光。,624229
142,时空恋旅人,8.8,2013,理查德·柯蒂斯 Richard Curtis,把每天当作最后一天般珍惜度过，积极拥抱生活，就是幸福。,465863
143,教父3,8.9,1990,弗朗西斯·福特·科波拉 Francis Ford Coppola,任何信念的力量，都无法改变命运。,281428
144,釜山行,8.6,2016,延尚昊 Sang-ho Yeon,揭露人性的丧尸题材力作。,935318
145,血战钢锯岭,8.7,2016,梅尔·吉布森 Mel Gibson,优秀的战争片不会美化战场，不会粉饰死亡，不会矮化敌人，不会无视常识，最重要的，不会宣扬战争。,643568
146,哪吒闹海,9.1,1979,严定宪 Dingxian Yan / 王树忱 Shuchen Wang,想你时你在闹海。,201167
147,被解救的姜戈,8.7,2012,昆汀·塔伦蒂诺 Quentin Tarantino,热血沸腾，那个低俗、性感的无耻混蛋又来了。,483060
148,七武士,9.3,1954,黑泽明 Akira Kurosawa,时代悲歌。,152882
149,一个叫欧维的男人决定去死,8.9,2015,汉内斯·赫尔姆 Hannes Holm,惠及一生的美丽。,327532
150,喜宴,8.9,1993,李安 Ang Lee,中国家庭的喜怒哀乐忍。,272236
151,电锯惊魂,8.7,2004,詹姆斯·温 James Wan,真相就在眼前。,412733
152,风之谷,8.9,1984,宫崎骏 Hayao Miyazaki,动画片的圣经。,302171
153,我是山姆,8.9,2001,杰茜·尼尔森 Jessie Nelson,爱并不需要智商 。,250996
154,头号玩家,8.6,2018,史蒂文·斯皮尔伯格 Steven Spielberg,写给影迷，动漫迷和游戏迷的一封情书。,1117088
155,英雄本色,8.7,1986,吴宇森 John Woo,英雄泪短，兄弟情长。,413351
156,上帝之城,9.0,2002,"费尔南多·梅里尔斯 Fernando Meirelles / 卡迪亚·兰德 Kátia Lund",被上帝抛弃了的上帝之城。,249802
157,未麻的部屋,9.0,1997,今敏 Satoshi Kon,好的剧本是，就算你猜到了结局也猜不到全部。,227948
158,谍影重重3,8.8,2007,保罗·格林格拉斯 Paul Greengrass,像吃了苏打饼一样干脆的电影。,343507
159,疯狂原始人,8.7,2013,科克·德·米科 Kirk De Micco / 克里斯·桑德斯 Chris Sanders,老少皆宜，这就是好莱坞动画的魅力。,697831
160,卢旺达饭店,8.9,2004,特瑞·乔治 Terry George,当这个世界闭上双眼，他却敞开了怀抱。,247036
161,三块广告牌,8.7,2017,马丁·麦克唐纳 Martin McDonagh,怼天怼地，你走后，她与世界为敌。,667930
162,纵横四海,8.8,1991,吴宇森 John Woo,香港浪漫主义警匪动作片的巅峰之作。,329737
163,花样年华,8.7,2000,王家卫 Kar Wai Wong,偷情本没有这样美。,463257
164,岁月神偷,8.7,2010,罗启锐 Alex Law,岁月流逝，来日可追。,494423
165,达拉斯买家俱乐部,8.8,2013,让-马克·瓦雷 Jean-Marc Vallée,Jared Leto的腿比女人还美！,360615
166,模仿游戏,8.7,2014,莫滕·泰杜姆 Morten Tyldum,他给机器起名“克里斯托弗”，因为这是他初恋的名字。,490801
167,心迷宫,8.7,2014,忻钰坤 Yukun Xin,荒诞讽刺，千奇百巧，抽丝剥茧，百转千回。,397777
168,黑客帝国3：矩阵革命,8.8,2003,Andy Wachowski / Larry Wachowski,不得不说，《黑客帝国》系列是商业片与科幻、哲学完美结合的典范。,343195
169,新世界,8.8,2013,朴勋政 Hoon-jung Park,要做就做得狠一点，这样才能活下去。,286878
170,记忆碎片,8.6,2000,克里斯托弗·诺兰 Christopher Nolan,一个针管引发的血案。,497059
171,头脑特工队,8.7,2015,"彼特·道格特 Pete Docter / 罗纳尔多·德尔·卡门 Ronaldo Del Carmen",愿我们都不用长大，每一座城堡都能永远存在。,475822
172,荒蛮故事,8.8,2014,达米安·斯兹弗隆 Damián Szifron,始于荒诞，止于更荒诞。,343155
173,你的名字。,8.4,2016,新海诚 Makoto Shinkai,穿越错位的时空，仰望陨落的星辰，你没留下你的名字，我却无法忘记那句“我爱你”。,1108348
174,忠犬八公物语,9.2,1987,Seijirô Kôyama,养狗三日，便会对你终其一生。,151905
175,真爱至上,8.6,2003,理查德·柯蒂斯 Richard Curtis,爱，是个动词。,589641
176,爆裂鼓手,8.7,2014,达米恩·查泽雷 Damien Chazelle,这个世界从不善待努力的人，努力了也不一定会成功，但是知道自己在努力，就是活下去的动力。,452192
177,贫民窟的百万富翁,8.6,2008,丹尼·鲍尔 Danny Boyle / 洛芙琳·坦丹 Loveleen Tandan,上帝之城+猜火车+阿甘正传+开心辞典=山寨富翁,616481
178,东邪西毒,8.6,1994,王家卫 Kar Wai Wong,电影诗。,477669
179,萤火虫之墓,8.7,1988,高畑勋 Isao Takahata,幸福是生生不息，却难以触及的远。,346532
180,海街日记,8.8,2015,是枝裕和 Hirokazu Koreeda,是枝裕和的家庭习作。,332758
181,惊魂记,9.0,1960,阿尔弗雷德·希区柯克 Alfred Hitchcock,故事的反转与反转，分裂电影的始祖。,200679
182,黑天鹅,8.6,2010,达伦·阿罗诺夫斯基 Darren Aronofsky,黑暗之美。,677938
183,无敌破坏王,8.7,2012,瑞奇·莫尔 Rich Moore,迪士尼和皮克斯拿错剧本的产物。,427496
184,你看起来好像很好吃,8.9,2010,藤森雅也 Masaya Fujimori,感情不分食草或者食肉。,272893
185,寄生虫,8.7,2019,奉俊昊 Joon-ho Bong,,1097734
186,冰川时代,8.6,2002,卡洛斯·沙尔丹哈 Carlos Saldanha / 克里斯·韦奇 Chris Wedge,松鼠才是角儿。,504862
187,小偷家族,8.7,2018,是枝裕和 Hirokazu Koreeda,我们组成了家。,666032
188,绿里奇迹,8.9,1999,Frank Darabont,天使暂时离开。,239408
189,哈利·波特与火焰杯,8.6,2005,迈克·内威尔 Mike Newell,,444694
190,雨人,8.7,1988,巴瑞·莱文森 Barry Levinson,生活在自己的世界里，也可以让周围的人显得可笑和渺小。,334975
191,爱在午夜降临前,8.8,2013,理查德·林克莱特 Richard Linklater,所谓爱情，就是话唠一路，都不会心生腻烦，彼此嫌弃。,279095
192,恋恋笔记本,8.5,2004,尼克·卡索维茨 Nick Cassavetes,爱情没有那么多借口，如果不能圆满，只能说明爱的不够。,530154
193,疯狂的石头,8.5,2006,宁浩 Hao Ning,中国版《两杆大烟枪》。,647659
194,恐怖游轮,8.5,2009,克里斯托弗·史密斯 Christopher Smith,不要企图在重复中寻找已经失去的爱。,639065
195,奇迹男孩,8.6,2017,斯蒂芬·卓博斯基 Stephen Chbosky,世界不完美，爱会有奇迹。,462824
196,九品芝麻官,8.6,1994,王晶 Jing Wong,,479223
197,雨中曲,9.0,1952,斯坦利·多南 Stanley Donen / 吉恩·凯利 Gene Kelly,骨灰级歌舞片。,166364
198,魔女宅急便,8.7,1989,宫崎骏 Hayao Miyazaki,宫崎骏的电影总让人感觉世界是美好的，阳光明媚的。,370542
199,二十二,8.7,2015,郭柯 Ke Guo,有一些东西不应该被遗忘。,236842
200,虎口脱险,8.9,1966,杰拉尔·乌里 Gérard Oury,永远看不腻的喜剧。,192186
201,海边的曼彻斯特,8.6,2016,肯尼斯·罗纳根 Kenneth Lonergan,我们都有权利不与自己的过去和解。,389690
202,房间,8.8,2015,伦尼·阿伯拉罕森 Lenny Abrahamson,被偷走的岁月，被伤害的生命，被禁锢的灵魂，终将被希望和善意救赎。,316116
203,人工智能,8.7,2001,史蒂文·斯皮尔伯格 Steven Spielberg,对爱的执着，可以超越一切。,354156
204,2001太空漫游,8.8,1968,斯坦利·库布里克 Stanley Kubrick,现代科幻电影的开山之作，最伟大导演的最伟大影片。,234808
205,色，戒,8.5,2007,李安 Ang Lee,假戏真情，爱欲深海,561620
206,可可西里,8.8,2004,陆川 Chuan Lu,坚硬的信仰。,237948
207,城市之光,9.3,1931,Charles Chaplin,永远的小人物，伟大的卓别林。,106893
208,罗生门,8.8,1950,黑泽明 Akira Kurosawa,人生的N种可能性。,245992
209,终结者2：审判日,8.7,1991,詹姆斯·卡梅隆 James Cameron,少见的超越首部的续集，动作片中的经典。,280915
210,初恋这件小事,8.4,2010,"普特鹏·普罗萨卡·那·萨克那卡林 Puttipong Promsaka Na Sakolnakorn / 华森·波克彭",黑小鸭速效美白记。,830073
211,魂断蓝桥,8.8,1940,茂文·勒鲁瓦 Mervyn LeRoy,中国式内在的美国电影。,224265
212,大佛普拉斯,8.7,2017,黄信尧 Hsin-yao Huang,人们可以登上月球，却永远无法探索人们内心的宇宙。,326621
213,遗愿清单,8.7,2007,罗伯·莱纳 Rob Reiner,用剩余不多的时间，去燃烧整个生命。,318810
214,牯岭街少年杀人事件,8.9,1991,杨德昌 Edward Yang,弱者送给弱者的一刀。,208718
215,波西米亚狂想曲,8.7,2018,布莱恩·辛格 Bryan Singer,,463909
216,源代码,8.5,2011,邓肯·琼斯 Duncan Jones,邓肯·琼斯继《月球》之后再度奉献出一部精彩绝伦的科幻佳作。,666941
217,新龙门客栈,8.6,1992,李惠民 Raymond Lee,嬉笑怒骂，调风动月。,355380
218,青蛇,8.6,1993,徐克 Hark Tsui,人生如此，浮生如斯。谁人言，花彼岸，此生情长意短。谁都是不懂爱的罢了。,412646
219,无耻混蛋,8.6,2009,Quentin Tarantino,昆汀同学越来越变态了，比北野武还杜琪峰。,384396
220,海洋,9.1,2009,雅克·贝汉 Jacques Perrin / 雅克·克鲁奥德 Jacques Cluzaud,大海啊，不全是水。,138201
221,燃情岁月,8.8,1994,爱德华·兹威克 Edward Zwick,传奇，不是每个人都可以拥有。,235891
222,疯狂的麦克斯4：狂暴之路,8.6,2015,乔治·米勒 George Miller,“多么美好的一天！”轰轰轰砰咚，啪哒哒哒轰隆隆，磅~,417791
223,血钻,8.7,2006,爱德华·兹威克 Edward Zwick,每个美丽事物背后都是滴血的现实。,293012
224,步履不停,8.8,2008,是枝裕和 Hirokazu Koreeda,日本的家庭电影已经是世界巅峰了，步履不停是巅峰中的佳作。,212661
225,穿越时空的少女,8.6,2006,细田守 Mamoru Hosoda,爱上未来的你。,320436
226,谍影重重2,8.7,2004,保罗·格林格拉斯 Paul Greengrass,谁说王家卫镜头很晃？,288185
227,阿飞正传,8.5,1990,王家卫 Kar Wai Wong,王家卫是一种风格，张国荣是一个代表。,400251
228,彗星来的那一夜,8.5,2013,詹姆斯·沃德·布柯特 James Ward Byrkit,小成本大魅力。,418178
229,战争之王,8.7,2005,安德鲁·尼科尔 Andrew Niccol,做一颗让别人需要你的棋子。,285756
230,地球上的星星,8.9,2007,阿米尔·汗 Aamir Khan,天使保护事件始末。,168684
231,完美陌生人,8.5,2016,保罗·格诺维瑟 Paolo Genovese,来啊，互相伤害啊！,441922
232,谍影重重,8.6,2002,道格·里曼 Doug Liman,哗啦啦啦啦，天在下雨，哗啦啦啦啦，云在哭泣……找自己。,344448
233,香水,8.5,2006,汤姆·提克威 Tom Tykwer,一个单凭体香达到高潮的男人。,456766
234,东京教父,9.0,2003,今敏 Satoshi Kon,,141532
235,无间道2,8.6,2003,刘伟强 / 麦兆辉,,331134
236,东京物语,9.2,1953,小津安二郎 Yasujirô Ozu,东京那么大，如果有一天走失了，恐怕一辈子不能再相见。,105623
237,千钧一发,8.8,1997,安德鲁·尼科尔 Andrew Niccol,一部能引人思考的科幻励志片。,208307
238,黑客帝国2：重装上阵,8.6,2003,Andy Wachowski / Larry Wachowski,一个精彩的世界观正在缓缓建立。,302980
239,朗读者,8.6,2008,史蒂芬·戴德利 Stephen Daldry,当爱情跨越年龄的界限，它似乎能变得更久远一点，成为一种责任，一种水到渠成的相濡以沫。,392127
240,再次出发之纽约遇见你,8.6,2013,约翰·卡尼 John Carney,爱我就给我看你的播放列表。,342355
241,崖上的波妞,8.5,2008,宫崎骏 Hayao Miyazaki,,372004
242,驴得水,8.3,2016,周申 Shen Zhou / 刘露 Lu Liu,过去的如果就让它过去了，未来只会越来越糟！,747100
243,我爱你,9.1,2011,秋昌民 Chang-min Choo,你要相信，这世上真的有爱存在，不管在什么年纪,129577
244,猜火车,8.5,1996,丹尼·博伊尔 Danny Boyle,不可猜的青春迷笛。,358688
245,浪潮,8.7,2008,丹尼斯·甘塞尔 Dennis Gansel,世界离独裁只有五天。,222307
246,聚焦,8.8,2015,托马斯·麦卡锡 Thomas McCarthy,新闻人的理性求真。,229740
247,小萝莉的猴神大叔,8.4,2015,卡比尔·汗 Kabir Khan,宝莱坞的萝莉与大叔。,402534
248,追随,8.9,1998,克里斯托弗·诺兰 Christopher Nolan,诺兰的牛逼来源于内心散发出的恐惧。,148678
249,黑鹰坠落,8.7,2001,雷德利·斯科特 Ridley Scott,还原真实而残酷的战争。,237966
250,网络谜踪,8.6,2018,阿尼什·查甘蒂 Aneesh Chaganty,,428432
